bodyid,group,Brain_type,VNC_type,root_side,neuropil,Cluster
15424,10000,DNp01,DNlt002,RHS,lt,2
15827,10000,DNp01,DNlt002,LHS,lt,2
13020,10012,DNp18,DNxn033,LHS,xn,4
12574,10012,DNp18,DNxn033,RHS,xn,4
27771,10023,DNp20,DNxn035,RHS,xn,4
14171,10023,DNp20,DNxn035,LHS,xn,4
13848,10058,DNg108,DNxl048,LHS,xl,0
14007,10058,DNg108,DNxl048,RHS,xl,0
13750,10061,DNxl053,DNxl053,RHS,xl,0
17376,10061,DNxl053,DNxl053,LHS,xl,0
13365,10086,DNg105,DNxl055,LHS,xl,0
176792,10086,DNg105,DNxl055,RHS,xl,0
31361,10093,DNg100,DNxl058,RHS,xl,0
40338,10093,DNg100,DNxl058,LHS,xl,0
34253,10097,DNxl080,DNxl080,LHS,xl,0
35473,10097,DNxl080,DNxl080,RHS,xl,0
32424,10101,DNg15,DNxn015,LHS,xn,5
38587,10101,DNg15,DNxn015,RHS,xn,5
35413,10103,DNg74,DNxl041,RHS,xl,0
31742,10103,DNg74,DNxl041,LHS,xl,0
31078,10113,DNp11,DNxn029,LHS,xn,2
31635,10113,DNp11,DNxn029,RHS,xn,2
32742,10118,DNa02,DNxl002,LHS,xl,9
32815,10118,DNa02,DNxl002,RHS,xl,9
30919,10138,DNg16,DNxl006,LHS,xl,3
31613,10138,DNg16,DNxl006,RHS,xl,3
34862,10157,DNp02,DNlt003,RHS,lt,2
28478,10157,DNp02,DNlt003,LHS,lt,2
30346,10194,DNd02,DNxl004,RHS,xl,5
24858,10194,DNd02,DNxl004,LHS,xl,5
30271,10210,DNg34,DNxl010,LHS,xl,3
30999,10210,DNg34,DNxl010,RHS,xl,3
22870,10269,DNut040,DNut040,RHS,ut,0
26725,10269,DNut040,DNut040,LHS,ut,0
27728,10279,DNxl049,DNxl049,RHS,xl,0
29120,10279,DNxl049,DNxl049,LHS,xl,0
29706,10291,DNxl134,DNxl134,RHS,xl,0
31123,10291,DNxl134,DNxl134,LHS,xl,0
34382,10307,DNb05,DNxn009,RHS,xn,5
22875,10307,DNb05,DNxn009,LHS,xn,5
33586,10323,DNp15,DNut022,RHS,ut,10
32667,10323,DNp15,DNut022,LHS,ut,10
24892,10336,DNg98,DNxn096,LHS,xn,0
24316,10336,DNg98,DNxn096,RHS,xn,0
14867,10399,DNg93,DNxl046,LHS,xl,0
15280,10399,DNg93,DNxl046,RHS,xl,0
26926,10410,DNd03,DNxn012,RHS,xn,5
28176,10410,DNd03,DNxn012,LHS,xn,5
25018,10428,DNp31,DNut028,LHS,ut,10
24753,10428,DNp31,DNut028,RHS,ut,10
152849,10465,DNg35,DNxl011,LHS,xl,5
154601,10465,DNg35,DNxl011,RHS,xl,5
39724,10466,DNg74,DNxl040,RHS,xl,0
26448,10466,DNg74,DNxl040,LHS,xl,0
26603,10506,DNa10,DNxn003,LHS,xn,4
22501,10506,DNa10,DNxn003,RHS,xn,4
22394,10535,DNxl014,DNxl014,RHS,xl,0
24193,10535,DNxl014,DNxl014,LHS,xl,0
23404,10621,DNa15,DNut038,LHS,ut,0
33987,10621,DNa15,DNut038,RHS,ut,0
41739,10633,DNut060,DNut060,LHS,ut,0
156265,10633,DNut060,DNut060,RHS,ut,0
40420,10634,DNp06,DNlt005,RHS,lt,2
16369,10634,DNp06,DNlt005,LHS,lt,2
16562,10639,DNxn142,DNxn142,LHS,xn,0
45911,10639,DNxn142,DNxn142,RHS,xn,0
39216,10648,DNxl133,DNxl133,LHS,xl,0
192220,10648,DNxl133,DNxl133,RHS,xl,0
36718,10656,DNg97,DNxl054,LHS,xl,0
34737,10656,DNg97,DNxl054,RHS,xl,0
32504,10663,DNp73,DNxn099,RHS,xn,0
33545,10663,DNp73,DNxn099,LHS,xn,0
31531,10681,DNp26,DNxn040,RHS,xn,9
31446,10681,DNp26,DNxn040,LHS,xn,9
173123,10719,DNxn125,DNxn125,RHS,xn,0
31408,10719,DNxn125,DNxn125,LHS,xn,0
152850,10732,DNp10,DNxl018,RHS,xl,2
29182,10732,DNp10,DNxl018,LHS,xl,2
30389,10751,DNa01,DNxl001,LHS,xl,9
31381,10751,DNa01,DNxl001,RHS,xl,9
31787,10819,DNp13,DNxn031,LHS,xn,2
27912,10819,DNp13,DNxn031,RHS,xn,2
30008,10855,DNg96,DNxl064,LHS,xl,0
27936,10855,DNg96,DNxl064,RHS,xl,0
27775,10868,DNxl132,DNxl132,RHS,xl,0
27217,10868,DNxl132,DNxl132,LHS,xl,0
27520,10909,DNg13,DNxl005,LHS,xl,3
27523,10909,DNg13,DNxl005,RHS,xl,3
27095,10912,DNxl131,DNxl131,LHS,xl,0
27026,10912,DNxl131,DNxl131,RHS,xl,0
27014,10916,DNp22,DNut027,LHS,ut,7
50104,10916,DNp22,DNut027,RHS,ut,7
26318,10937,DNg99,DNxn097,LHS,xn,0
26307,10937,DNg99,DNxn097,RHS,xn,0
26332,10941,DNxl130,DNxl130,LHS,xl,0
26608,10941,DNxl130,DNxl130,RHS,xl,0
26502,10967,DNa13,DNxl024,LHS,xl,0
27389,10967,DNa13,DNxl024,RHS,xl,0
25879,10987,DNa16,DNut055,LHS,ut,0
26426,10987,DNa16,DNut055,RHS,ut,0
27951,11019,DNxl129,DNxl129,LHS,xl,0
28053,11019,DNxl129,DNxl129,RHS,xl,0
23953,11051,DNxl128,DNxl128,LHS,xl,0
27241,11051,DNxl128,DNxl128,RHS,xl,0
22072,11071,aSP22,DNxn004,RHS,xn,0
23461,11071,aSP22,DNxn004,LHS,xn,0
21235,11072,DNx01,DNxn051,RHS,xn,0
21440,11072,DNx01,DNxn051,LHS,xn,0
21320,11102,DNxl127,DNxl127,RHS,xl,0
20953,11102,DNxl127,DNxl127,LHS,xl,0
20904,11123,DNa04,DNut001,LHS,ut,9
20782,11123,DNa04,DNut001,RHS,ut,9
19511,11136,DNp42,DNxn076,LHS,xn,5
24978,11136,DNp42,DNxn076,RHS,xn,5
19287,11145,DNa13,DNxl023,RHS,xl,0
19369,11145,DNa13,DNxl023,LHS,xl,0
24087,11150,DNp07,DNxn027,LHS,xn,4
19864,11150,DNp07,DNxn027,RHS,xn,4
21071,11160,DNp49,DNxn082,RHS,xn,9
18784,11160,DNp49,DNxn082,LHS,xn,9
17522,11202,DNxn168,DNxn168,RHS,xn,0
17865,11202,DNxn168,DNxn168,LHS,xn,0
17494,11254,DNxl126,DNxl126,LHS,xl,0
17995,11254,DNxl126,DNxl126,RHS,xl,0
17400,11257,DNg31,DNxl009,LHS,xl,9
17547,11257,DNg31,DNxl009,RHS,xl,9
16817,11264,DNg75,DNxl042,LHS,xl,0
17830,11264,DNg75,DNxl042,RHS,xl,0
16393,11276,DNb06,DNxl003,LHS,xl,7
19266,11276,DNb06,DNxl003,RHS,xl,7
48107,11279,DNxl125,DNxl125,LHS,xl,0
29261,11279,DNxl125,DNxl125,RHS,xl,0
28042,11286,DNxn124,DNxn124,LHS,xn,0
16926,11286,DNxn124,DNxn124,RHS,xn,0
11824,11413,DNp12,DNxn030,LHS,xn,10
32010,11413,DNp12,DNxn030,RHS,xn,10
30332,11427,DNxn163,DNxn163,LHS,xn,0
31112,11427,DNxn163,DNxn163,RHS,xn,0
31497,11440,DNxl124,DNxl124,RHS,xl,0
32106,11440,DNxl124,DNxl124,LHS,xl,0
32303,11477,DNp32,DNxl019,LHS,xl,11
34094,11477,DNp32,DNxl019,RHS,xl,11
44921,11488,DNxl123,DNxl123,RHS,xl,0
101851,11488,DNxl123,DNxl123,LHS,xl,0
105091,11541,DNxl122,DNxl122,LHS,xl,0
26994,11541,DNxl122,DNxl122,RHS,xl,0
29904,11548,DNg29,DNxn022,LHS,xn,6
31274,11548,DNg29,DNxn022,RHS,xn,6
31523,11568,DNxl121,DNxl121,LHS,xl,0
31855,11568,DNxl121,DNxl121,RHS,xl,0
32383,11573,DNxn176,DNxn176,LHS,xn,0
32646,11573,DNxn176,DNxn176,RHS,xn,0
33148,11579,DNp69,DNxn094,LHS,xn,0
34669,11579,DNp69,DNxn094,RHS,xn,0
41420,11588,DNp05,DNxn026,RHS,xn,2
104831,11588,DNp05,DNxn026,LHS,xn,2
166522,11613,DNxl120,DNxl120,LHS,xl,0
44420,11613,DNxl120,DNxl120,RHS,xl,0
25683,11621,DNxn182,DNxn182,LHS,xn,0
26462,11621,DNxn182,DNxn182,RHS,xn,0
37405,11637,DNb07,DNxn095,LHS,xn,0
49745,11637,DNb07,DNxn095,RHS,xn,0
46595,11684,DNp19,DNxn034,RHS,xn,4
151715,11684,DNp19,DNxn034,LHS,xn,4
49930,11697,DNxn162,DNxn162,RHS,xn,0
41456,11697,DNxn162,DNxn162,LHS,xn,0
50464,11798,DNxn181,DNxn181,LHS,xn,0
36845,11798,DNxn181,DNxn181,RHS,xn,0
32312,11824,DNg14,DNhl001,RHS,hl,3
32585,11824,DNg14,DNhl001,LHS,hl,3
36598,11839,DNxn180,DNxn180,RHS,xn,0
32499,11839,DNxn180,DNxn180,LHS,xn,0
31566,11856,DNxl119,DNxl119,LHS,xl,0
37651,11856,DNxl119,DNxl119,RHS,xl,0
102117,11859,DNxl118,DNxl118,LHS,xl,0
34081,11859,DNxl118,DNxl118,RHS,xl,0
33673,11894,DNp34,DNxl020,LHS,xl,3
29760,11894,DNp34,DNxl020,RHS,xl,3
33943,11930,DNp43,DNxl051,RHS,xl,0
36495,11930,DNp43,DNxl051,LHS,xl,0
29040,11975,DNxl117,DNxl117,RHS,xl,0
156733,11975,DNxl117,DNxl117,LHS,xl,0
39256,11977,pMP2,DNxn046,RHS,xn,0
30043,11977,pMP2,DNxn046,LHS,xn,0
14594,12020,DNb01,DNxn005,LHS,xn,9
151717,12020,DNb01,DNxn005,RHS,xn,9
49113,12029,DNg80,DNxn066,RHS,xn,0
44321,12029,DNg80,DNxn066,LHS,xn,0
44201,12064,DNp33,DNut029,LHS,ut,10
37139,12064,DNp33,DNut029,RHS,ut,10
21909,12136,DNp03,DNut021,LHS,ut,9
23609,12136,DNp03,DNut021,RHS,ut,9
10000,12141,DNp55,DNxn086,LHS,xn,0
10002,12141,DNp55,DNxn086,RHS,xn,0
10157,12155,DNxn123,DNxn123,RHS,xn,0
10331,12155,DNxn123,DNxn123,LHS,xn,0
12482,12167,DNb09,DNxn008,LHS,xn,0
12358,12167,DNb09,DNxn008,RHS,xn,0
10634,12172,DNxl116,DNxl116,LHS,xl,0
11221,12172,DNxl116,DNxl116,RHS,xl,0
29983,12206,DNxn166,DNxn166,LHS,xn,0
34180,12206,DNxn166,DNxn166,RHS,xn,0
32154,12214,DNg43,DNxl028,RHS,xl,0
29695,12214,DNg43,DNxl028,LHS,xl,0
30869,12259,DNa09,DNxn002,LHS,xn,9
27737,12259,DNa09,DNxn002,RHS,xn,9
28329,12275,DNa05,DNut002,LHS,ut,9
29151,12275,DNa05,DNut002,RHS,ut,9
28138,12332,DNg38,DNxl013,RHS,xl,3
12855,12332,DNg38,DNxl013,LHS,xl,3
13089,12358,DNp04,DNlt004,LHS,lt,2
12783,12358,DNp04,DNlt004,RHS,lt,2
12698,12380,pIP9,DNxn047,RHS,xn,0
29058,12380,pIP9,DNxn047,LHS,xn,0
27663,12451,DNxl115,DNxl115,RHS,xl,0
26517,12451,DNxl115,DNxl115,LHS,xl,0
27358,12466,DNxl114,DNxl114,LHS,xl,0
190167,12466,DNxl114,DNxl114,RHS,xl,0
21069,12574,DNg66,DNad002,RHS,ad,0
16648,12574,DNg66,DNad002,LHS,ad,0
16605,12613,DNxn103,DNxn103,RHS,xn,0
31709,12613,DNxn103,DNxn103,LHS,xn,0
22710,12617,DNxn179,DNxn179,LHS,xn,0
23190,12617,DNxn179,DNxn179,RHS,xn,0
26047,12617,DNxn179,DNxn179,RHS,xn,0
26285,12617,DNxn179,DNxn179,LHS,xn,0
39664,12623,DNp14,DNxn032,LHS,xn,1
41285,12623,DNp14,DNxn032,RHS,xn,1
42987,12640,DNxl113,DNxl113,LHS,xl,0
44358,12640,DNxl113,DNxl113,RHS,xl,0
50794,12683,DNut037,DNut037,LHS,ut,0
41387,12683,DNut037,DNut037,RHS,ut,0
39045,12696,DNxn122,DNxn122,LHS,xn,0
39885,12696,DNxn122,DNxn122,RHS,xn,0
40386,12698,DNp59,DNlt008,LHS,lt,0
40430,12698,DNp59,DNlt008,RHS,lt,0
42235,12707,DNp08,DNxn028,LHS,xn,8
42609,12707,DNp08,DNxn028,RHS,xn,8
43430,12716,DNxl112,DNxl112,RHS,xl,0
43778,12716,DNxl112,DNxl112,LHS,xl,0
45443,12719,DNxn161,DNxn161,LHS,xn,0
45400,12719,DNxn161,DNxn161,RHS,xn,0
37799,12735,DNxl111,DNxl111,RHS,xl,0
38629,12735,DNxl111,DNxl111,LHS,xl,0
39705,12743,DNg88,DNxl044,LHS,xl,0
40271,12743,DNg88,DNxl044,RHS,xl,0
41384,12770,DNp53,DNxn084,RHS,xn,0
43234,12770,DNp53,DNxn084,LHS,xn,0
14937,12791,DNxl110,DNxl110,RHS,xl,0
15047,12791,DNxl110,DNxl110,LHS,xl,0
33183,12792,DNg91,DNut031,LHS,ut,0
37852,12792,DNg91,DNut031,RHS,ut,0
18815,12843,DNg37,DNxl012,RHS,xl,5
19010,12843,DNg37,DNxl012,LHS,xl,5
20194,12847,DNxl109,DNxl109,RHS,xl,0
21284,12847,DNxl109,DNxl109,LHS,xl,0
36962,12855,DNp103,DNlt007,RHS,lt,0
34184,12855,DNp103,DNlt007,LHS,lt,0
29987,12898,DNd05,DNxl026,LHS,xl,0
30858,12898,DNd05,DNxl026,RHS,xl,0
40712,12902,DNxn165,DNxn165,RHS,xn,0
37881,12902,DNxn165,DNxn165,LHS,xn,0
154317,12915,DNxl108,DNxl108,LHS,xl,0
30430,12915,DNxl108,DNxl108,RHS,xl,0
31981,12926,DNp09,DNxl017,RHS,xl,3
38483,12926,DNp09,DNxl017,LHS,xl,3
39554,12939,DNxl022,DNxl022,LHS,xl,0
29178,12939,DNxl022,DNxl022,RHS,xl,0
32672,12973,DNxn010,DNxn007,LHS,xn,0
27396,12973,DNxn010,DNxn007,RHS,xn,0
33570,12974,DNp28,DNxn042,RHS,xn,4
29772,12974,DNp28,DNxn042,LHS,xn,4
32534,13038,pIP10,DNxn048,RHS,xn,0
37030,13038,pIP10,DNxn048,LHS,xn,0
26720,13040,DNxl107,DNxl107,RHS,xl,0
34548,13040,DNxl107,DNxl107,LHS,xl,0
38770,13049,DNxl106,DNxl106,LHS,xl,0
34090,13049,DNxl106,DNxl106,LHS,xl,0
37876,13049,DNxl106,DNxl106,RHS,xl,0
34060,13049,DNxl106,DNxl106,RHS,xl,0
33395,13053,DNxn160,DNxn160,LHS,xn,0
33641,13053,DNxn160,DNxn160,RHS,xn,0
33184,13061,DNg27,DNut017,RHS,ut,11
43068,13061,DNg27,DNut017,LHS,ut,11
34390,13108,DNxl105,DNxl105,RHS,xl,0
32437,13108,DNxl105,DNxl105,LHS,xl,0
35797,13139,DNxn152,DNxn152,LHS,xn,0
36579,13139,DNxn152,DNxn152,RHS,xn,0
37712,13161,DNxl104,DNxl104,LHS,xl,0
42128,13161,DNxl104,DNxl104,RHS,xl,0
44290,13168,DNg39,DNxl016,RHS,xl,5
33957,13168,DNg39,DNxl016,LHS,xl,5
34643,13169,DNg70,DNxl038,RHS,xl,0
35178,13169,DNg70,DNxl038,LHS,xl,0
37700,13184,DNxn164,DNxn164,RHS,xn,0
37997,13184,DNxn164,DNxn164,LHS,xn,0
40948,13203,DNp48,DNxn081,RHS,xn,0
32039,13203,DNp48,DNxn081,LHS,xn,0
32447,13226,DNp47,DNxn080,LHS,xn,0
33287,13226,DNp47,DNxn080,RHS,xn,0
32699,13239,DNxn102,DNxn102,LHS,xn,0
33755,13239,DNxn102,DNxn102,RHS,xn,0
29102,13257,DNxl103,DNxl103,LHS,xl,0
29889,13257,DNxl103,DNxl103,RHS,xl,0
29317,13268,DNg69,DNxl037,LHS,xl,0
26571,13268,DNg69,DNxl037,RHS,xl,0
26662,13326,DNg30,DNxn023,LHS,xn,11
24102,13326,DNg30,DNxn023,RHS,xn,11
24658,13348,DNxn151,DNxn151,RHS,xn,0
20085,13348,DNxn151,DNxn151,LHS,xn,0
20313,13365,DNad006,DNad006,RHS,ad,0
21290,13365,DNad006,DNad006,LHS,ad,0
26894,13411,DNxn175,DNxn175,LHS,xn,0
19554,13411,DNxn175,DNxn175,RHS,xn,0
25450,13428,DNd04,DNxl061,LHS,xl,0
17344,13428,DNd04,DNxl061,RHS,xl,0
19112,13438,MDN,DNxn049,LHS,xn,9
17193,13438,MDN,DNxn049,LHS,xn,9
17537,13438,MDN,DNxn050,RHS,xn,9
17279,13438,MDN,DNxn050,RHS,xn,9
15226,13473,DNxl102,DNxl102,LHS,xl,0
53170881453,13473,DNxl102,DNxl102,RHS,xl,0
46882,13496,DNut059,DNut059,LHS,ut,0
11216,13496,DNut059,DNut059,RHS,ut,0
11123,13553,DNg68,DNxn061,LHS,xn,0
12275,13553,DNg68,DNxn061,RHS,xn,0
12319,13592,DNxl101,DNxl101,LHS,xl,0
25931,13592,DNxl101,DNxl101,RHS,xl,0
25786,13688,DNp21,DNxn036,RHS,xn,0
17963,13688,DNp21,DNxn036,LHS,xn,0
18445,13734,DNg90,DNxl045,LHS,xl,0
16858,13734,DNg90,DNxl045,RHS,xl,0
18415,13750,DNad005,DNad005,RHS,ad,0
21344,13750,DNad005,DNad005,LHS,ad,0
20006,13776,DNxl100,DNxl100,LHS,xl,0
20042,13776,DNxl100,DNxl100,RHS,xl,0
21756,13777,DNx02,DNut035,RHS,ut,0
167965,13777,DNx02,DNut035,RHS,ut,0
18840,13777,DNx02,DNut035,LHS,ut,0
29175,13777,DNx02,DNut035,LHS,ut,0
19174,13790,DNp17,DNut026,RHS,ut,0
25409,13790,DNp17,DNut026,LHS,ut,0
26979,13834,DNg44,DNxl029,RHS,xl,0
28680,13834,DNg44,DNxl029,LHS,xl,0
26362,13837,DNxn150,DNxn150,LHS,xn,0
28073,13837,DNxn150,DNxn150,RHS,xn,0
27361,13848,DNad004,DNad004,LHS,ad,0
27877,13848,DNad004,DNad004,RHS,ad,0
28350,13892,DNb08,DNxl027,RHS,xl,0
29447,13892,DNb08,DNxl027,LHS,xl,0
25473,13892,DNb08,DNxl027,LHS,xl,0
24705,13892,DNb08,DNxl027,RHS,xl,0
25171,13916,DNc01,DNxn010,RHS,xn,0
25449,13916,DNc01,DNxn010,LHS,xn,0
25041,13951,DNxn187,DNxn187,RHS,xn,0
25825,13951,DNxn187,DNxn187,LHS,xn,0
18893,14018,DNp38,DNxn074,RHS,xn,0
19182,14018,DNp38,DNxn074,LHS,xn,0
22676,14035,DNp60,DNxn088,LHS,xn,0
28172,14035,DNp60,DNxn088,RHS,xn,0
19120,14042,DNg50,DNxn054,LHS,xn,0
22412,14042,DNg50,DNxn054,RHS,xn,0
24845,14074,DNp67,DNxl052,LHS,xl,0
18145,14074,DNp67,DNxl052,RHS,xl,0
20843,14171,DNp58,DNad003,LHS,ad,0
22475,14171,DNp58,DNad003,RHS,ad,0
30441,14194,DNp57,DNxn087,LHS,xn,0
21714,14194,DNp57,DNxn087,RHS,xn,0
21908,14228,DNxn186,DNxn186,RHS,xn,0
25925,14228,DNxn186,DNxn186,LHS,xn,0
26189,14244,DNg22,DNxn024,LHS,xn,5
26850,14244,DNg22,DNxn024,RHS,xn,5
27482,14340,DNg04,DNut012,LHS,ut,9
27723,14340,DNg04,DNut012,LHS,ut,9
28752,14340,DNg04,DNut012,RHS,ut,9
25543,14340,DNg04,DNut012,RHS,ut,9
26321,14350,DNxn178,DNxn178,LHS,xn,0
27152,14350,DNxn178,DNxn178,RHS,xn,0
27207,14485,DNxn071,DNxn071,LHS,xn,0
27371,14485,DNxn071,DNxn071,RHS,xn,0
27450,14522,DNp63,DNxn090,RHS,xn,0
28594,14522,DNp63,DNxn090,LHS,xn,0
27097,14557,DNp27,DNxn041,LHS,xn,11
28303,14557,DNp27,DNxn041,RHS,xn,11
15451,14575,DNg103,DNxl060,LHS,xl,0
18339,14575,DNg103,DNxl060,RHS,xl,0
14340,14585,DNp68,DNxn093,LHS,xn,0
18852,14585,DNp68,DNxn093,RHS,xn,0
28527,14594,DNit008,DNit008,LHS,it,0
35789,14594,DNit008,DNit008,RHS,it,0
28700,14623,DNg87,DNxl043,LHS,xl,0
30212,14623,DNg87,DNxl043,RHS,xl,0
30304,14638,DNg32,DNut018,LHS,ut,10
31006,14638,DNg32,DNut018,RHS,ut,10
32568,14693,DNut058,DNut058,LHS,ut,0
29021,14693,DNut058,DNut058,LHS,ut,0
29524,14693,DNut058,DNut058,RHS,ut,0
33000,14695,DNg19,DNxl007,RHS,xl,3
29831,14695,DNg19,DNxl007,LHS,xl,3
23518,14739,DNa14,DNxl025,RHS,xl,0
25002,14739,DNa14,DNxl025,LHS,xl,0
25349,14836,DNxl099,DNxl099,LHS,xl,0
25529,14836,DNxl099,DNxl099,RHS,xl,0
24840,14847,DNg33,DNxn025,LHS,xn,2
25128,14847,DNg33,DNxn025,LHS,xn,2
18953,14867,DNg48,DNfl005,LHS,fl,0
25606,14867,DNg48,DNfl005,RHS,fl,0
23834,14903,DNg17,DNxn016,RHS,xn,1
24458,14903,DNg17,DNxn016,LHS,xn,1
26337,14904,DNg55,DNxn056,LHS,xn,0
25283,14910,DNxl098,DNxl098,RHS,xl,0
24656,14910,DNxl098,DNxl098,LHS,xl,0
25742,14931,DNa06,DNxn001,RHS,xn,9
24919,14931,DNa06,DNxn001,LHS,xn,9
25050,14937,DNg49,DNnt003,RHS,nt,0
44302,14937,DNg49,DNnt003,LHS,nt,0
39959,14939,DNxn009,DNxn006,LHS,xn,0
13443,14939,DNxn009,DNxn006,RHS,xn,0
13061,14947,DNg109,DNxl057,LHS,xl,0
14820,14947,DNg109,DNxl057,RHS,xl,0
14638,14948,DNp35,DNxn045,LHS,xn,2
28307,14948,DNp35,DNxn045,RHS,xn,2
25642,14999,DNxn177,DNxn177,LHS,xn,0
87661,14999,DNxn177,DNxn177,RHS,xn,0
104141,15026,DNc02,DNxn011,RHS,xn,0
18518,15026,DNc02,DNxn011,LHS,xn,0
17794,15074,DNg95,DNxl059,RHS,xl,0
12231,15074,DNg95,DNxl059,LHS,xl,0
12136,15090,DNg24,DNxn019,LHS,xn,6
10323,15090,DNg24,DNxn019,RHS,xn,6
10829,15143,DNxl097,DNxl097,LHS,xl,0
31592,15143,DNxl097,DNxl097,RHS,xl,0
34052,15155,DNxl068,DNxl068,LHS,xl,0
26391,15155,DNxl068,DNxl068,RHS,xl,0
27098,15226,DNnt020,DNnt020,LHS,nt,0
27640,15226,DNnt020,DNnt020,RHS,nt,0
29238,15275,DNxn183,DNxn183,LHS,xn,0
26587,15275,DNxn183,DNxn183,RHS,xn,0
34863,15297,DNxl096,DNxl096,RHS,xl,0
27448,15297,DNxl096,DNxl096,LHS,xl,0
27534,15327,DNxn185,DNxn185,LHS,xn,0
28163,15327,DNxn185,DNxn185,RHS,xn,0
29221,15424,oviDN,DNad001,RHS,ad,0
26838,15424,oviDN,DNad001,LHS,ad,0
27899,15499,DNxn174,DNxn174,RHS,xn,0
29338,15499,DNxn174,DNxn174,LHS,xn,0
14257,15546,DNg71,DNxn062,LHS,xn,0
13790,15546,DNg71,DNxn062,RHS,xn,0
10916,15576,DNg79,DNxn065,LHS,xn,0
11012,15576,DNg79,DNxn065,RHS,xn,0
10436,15576,DNg79,DNxn065,RHS,xn,0
10428,15576,DNg79,DNxn065,LHS,xn,0
12064,15604,DNxn141,DNxn141,LHS,xn,0
12291,15604,DNxn141,DNxn141,RHS,xn,0
19046,15650,DNxl095,DNxl095,LHS,xl,0
18765,15650,DNxl095,DNxl095,RHS,xl,0
13556,15680,DNp62,DNxn089,LHS,xn,0
12792,15680,DNp62,DNxn089,RHS,xn,0
34006,15769,DNxn140,DNxn140,RHS,xn,0
32001,15769,DNxn140,DNxn140,LHS,xn,0
32360,15829,DNg76,DNxn063,LHS,xn,0
34426,15829,DNg76,DNxn063,RHS,xn,0
32950,15838,DNxn101,DNxn101,RHS,xn,0
32169,15838,DNxn101,DNxn101,LHS,xn,0
32498,15841,DNp71,DNxl062,LHS,xl,0
32656,15841,DNp71,DNxl062,RHS,xl,0
35992,15855,DNa08,DNwt001,LHS,wt,7
24679,15855,DNa08,DNwt001,RHS,wt,7
25384,15895,DNg111,DNxn070,LHS,xn,0
35902,15895,DNg111,DNxn070,RHS,xn,0
25454,15950,DNg104,DNxn072,LHS,xn,0
26288,15950,DNg104,DNxn072,RHS,xn,0
25814,16053,DNxl094,DNxl094,LHS,xl,0
28505,16053,DNxl094,DNxl094,RHS,xl,0
47124,16099,DNxn184,DNxn184,LHS,xn,0
43795,16099,DNxn184,DNxn184,RHS,xn,0
45311,16264,DNxn159,DNxn159,LHS,xn,0
45282,16264,DNxn159,DNxn159,RHS,xn,0
13777,16333,DNxn158,DNxn158,RHS,xn,0
13979,16333,DNxn158,DNxn158,LHS,xn,0
14187,16350,DNg26,DNxn021,LHS,xn,11
14979,16350,DNg26,DNxn021,RHS,xn,11
34144,16369,DNfl015,DNfl015,LHS,fl,0
34462,16369,DNfl015,DNfl015,RHS,fl,0
40234,16393,DNfl042,DNfl042,LHS,fl,0
34409,16393,DNfl042,DNfl042,RHS,fl,0
38128,16417,DNp54,DNxn085,LHS,xn,0
43011,16417,DNp54,DNxn085,RHS,xn,0
13542,16420,DNxl093,DNxl093,LHS,xl,0
12683,16420,DNxl093,DNxl093,RHS,xl,0
10621,16522,DNp70,DNxn098,RHS,xn,0
10720,16522,DNp70,DNxn098,LHS,xn,0
32493,16541,DNxl092,DNxl092,RHS,xl,0
30180,16541,DNxl092,DNxl092,LHS,xl,0
10269,16567,DNxn149,DNxn149,LHS,xn,0
10284,16567,DNxn149,DNxn149,RHS,xn,0
27906,16571,DNg21,DNxl008,LHS,xl,1
27724,16571,DNg21,DNxl008,RHS,xl,1
32431,16605,DNml001,DNml001,RHS,ml,0
39751,16605,DNml001,DNml001,LHS,ml,0
26467,16683,DNxl091,DNxl091,RHS,xl,0
29811,16683,DNxl091,DNxl091,LHS,xl,0
29856,16760,DNg26,DNxn020,RHS,xn,11
30531,16760,DNg26,DNxn020,LHS,xn,11
104296,16803,DNxl090,DNxl090,RHS,xl,0
30119,16803,DNxl090,DNxl090,LHS,xl,0
32916,16813,DNg78,DNxn064,LHS,xn,0
36468,16813,DNg78,DNxn064,RHS,xn,0
38785,16817,DNfl041,DNfl041,RHS,fl,0
27174,16817,DNfl041,DNfl041,LHS,fl,0
26242,16822,DNxn157,DNxn157,RHS,xn,0
25336,16822,DNxn157,DNxn157,LHS,xn,0
25130,16837,DNg56,DNxn057,RHS,xn,0
24758,16837,DNg56,DNxn057,LHS,xn,0
25734,16842,DNp45,DNxn078,RHS,xn,0
30664,16842,DNp45,DNxn078,LHS,xn,0
31396,16858,DNb02,DNut004,RHS,ut,9
51939777929,16858,DNb02,DNut004,RHS,ut,9
24703,16858,DNb02,DNut004,LHS,ut,9
30738,16858,DNb02,DNut004,LHS,ut,9
30998,16859,DNxl021,DNxl021,LHS,xl,0
41336,16859,DNxl021,DNxl021,RHS,xl,0
42930,16911,DNxl056,DNxl056,RHS,xl,0
33205,16911,DNxl056,DNxl056,LHS,xl,0
38997,17004,DNxn156,DNxn156,LHS,xn,0
42077,17004,DNxn156,DNxn156,RHS,xn,0
42278,17113,DNp64,DNxn091,LHS,xn,0
32904,17113,DNp64,DNxn091,RHS,xn,0
43728,17155,DNa11,DNxl015,RHS,xl,0
25479,17155,DNa11,DNxl015,LHS,xl,0
24306,17193,DNnt019,DNnt019,LHS,nt,0
24368,17193,DNnt019,DNnt019,RHS,nt,0
23813,17211,DNp30,DNxn044,RHS,xn,0
22625,17211,DNp30,DNxn044,LHS,xn,0
23381,17268,DNxl088,DNxl088,LHS,xl,0
28372,17268,DNxl088,DNxl088,RHS,xl,0
21454,17291,DNxl087,DNxl087,LHS,xl,0
23690,17291,DNxl087,DNxl087,RHS,xl,0
21358,17329,DNut057,DNut057,LHS,ut,0
22758,17329,DNut057,DNut057,RHS,ut,0
20898,17344,DNnt018,DNnt018,RHS,nt,0
152324,17344,DNnt018,DNnt018,LHS,nt,0
20030,17400,DNfl040,DNfl040,LHS,fl,0
19535,17400,DNfl040,DNfl040,RHS,fl,0
19878,17474,DNxl086,DNxl086,RHS,xl,0
24129,17474,DNxl086,DNxl086,LHS,xl,0
25645,17494,DNfl039,DNfl039,LHS,fl,0
25989,17494,DNfl039,DNfl039,RHS,fl,0
22290,17507,DNp44,DNxn077,RHS,xn,5
23292,17507,DNp44,DNxn077,LHS,xn,5
19444,17522,DNfl038,DNfl038,LHS,fl,0
23615,17522,DNfl038,DNfl038,RHS,fl,0
169854,17526,DNxn155,DNxn155,LHS,xn,0
28667,17526,DNxn155,DNxn155,RHS,xn,0
23855,17630,DNp41,DNxn075,LHS,xn,0
28518,17630,DNp41,DNxn075,LHS,xn,0
29538,17630,DNp41,DNxn075,RHS,xn,0
27338,17630,DNp41,DNxn075,RHS,xn,0
26178,17717,DNxn148,DNxn148,LHS,xn,0
29521,17717,DNxn148,DNxn148,RHS,xn,0
28959,17777,DNxn136,DNxn136,RHS,xn,0
10987,17777,DNxn136,DNxn136,LHS,xn,0
11187,17782,DNg23,DNxn018,RHS,xn,3
25965,17782,DNg23,DNxn018,LHS,xn,3
26003,17794,DNg41,DNut020,RHS,ut,10
26251,17794,DNg41,DNut020,LHS,ut,10
18353,17806,DNg64,DNxl034,LHS,xl,0
17329,17806,DNg64,DNxl034,RHS,xl,0
16898,17862,DNp51,DNxn083,RHS,xn,0
14693,17862,DNp51,DNxn083,LHS,xn,0
15025,17871,DNxn121,DNxn121,LHS,xn,0
13496,17871,DNxn121,DNxn121,RHS,xn,0
14026,17989,DNb04,DNxn120,RHS,xn,10
10633,17989,DNb04,DNxn120,LHS,xn,10
10697,18010,DNg45,DNxl030,RHS,xl,0
32767,18010,DNg45,DNxl030,LHS,xl,0
25688,18046,DNxn131,DNxn131,RHS,xn,0
163893,18046,DNxn131,DNxn131,LHS,xn,0
15855,18092,DNg63,DNxl033,LHS,xl,0
10760,18092,DNg63,DNxl033,RHS,xl,0
10751,18135,DNxn154,DNxn154,LHS,xn,0
10126,18135,DNxn154,DNxn154,RHS,xn,0
10118,18145,DNg02,DNut010,LHS,ut,10
11276,18145,DNg02,DNut010,LHS,ut,10
11349,18145,DNg02,DNut010,LHS,ut,10
10526,18145,DNg02,DNut010,LHS,ut,10
10194,18145,DNg02,DNut010,RHS,ut,10
11048,18145,DNg02,DNut010,RHS,ut,10
10909,18145,DNg02,DNut010,RHS,ut,10
10138,18252,DNxl085,DNxl085,LHS,xl,0
10255,18252,DNxl085,DNxl085,RHS,xl,0
14695,18351,DNg20,DNxn017,RHS,xn,3
14716,18351,DNg20,DNxn017,LHS,xn,3
17643,18388,DNp29,DNxn043,LHS,xn,2
16571,18388,DNp29,DNxn043,RHS,xn,2
11263,18431,DNg42,DNxn052,RHS,xn,0
11257,18431,DNg42,DNxn052,LHS,xn,0
10210,18596,DNxn173,DNxn173,LHS,xn,0
10217,18596,DNxn173,DNxn173,RHS,xn,0
10476,18614,DNg54,DNxl032,RHS,xl,0
10465,18614,DNg54,DNxl032,LHS,xl,0
12863,18636,DNxl084,DNxl084,LHS,xl,0
12843,18636,DNxl084,DNxl084,RHS,xl,0
12934,18748,DNxn126,DNxn126,RHS,xn,0
12332,18748,DNxn126,DNxn126,LHS,xn,0
10562,18765,DNg82,DNut030,LHS,ut,0
10535,18765,DNg82,DNut030,RHS,ut,0
18107,18784,DNfl037,DNfl037,RHS,fl,0
17155,18784,DNfl037,DNfl037,LHS,fl,0
13660,18784,DNfl037,DNfl037,LHS,fl,0
13168,18784,DNfl037,DNfl037,RHS,fl,0
12955,18814,DNp65,DNxn092,RHS,xn,0
12926,18814,DNp65,DNxn092,LHS,xn,0
10732,18815,DNg73,DNnt005,LHS,nt,0
10835,18815,DNg73,DNnt005,RHS,nt,0
11561,18840,DNg01,DNut006,RHS,ut,9
11477,18840,DNg01,DNut006,LHS,ut,9
11931,18840,DNg01,DNut006,LHS,ut,9
11894,18840,DNg01,DNut006,RHS,ut,9
16859,18840,DNg01,DNut006,LHS,ut,9
18568,18840,DNg01,DNut006,RHS,ut,9
12939,18893,DNg02,DNut009,RHS,ut,10
13466,18893,DNg02,DNut009,RHS,ut,10
11145,18893,DNg02,DNut009,RHS,ut,10
11311,18893,DNg02,DNut009,RHS,ut,10
10967,18893,DNg02,DNut009,LHS,ut,10
11164,18893,DNg02,DNut009,LHS,ut,10
15708,18893,DNg02,DNut009,LHS,ut,10
14739,18953,DNg08,DNut015,RHS,ut,10
12898,18953,DNg08,DNut015,RHS,ut,10
13238,18953,DNg08,DNut015,LHS,ut,10
14680,18953,DNg08,DNut015,LHS,ut,10
13892,18953,DNg08,DNut015,RHS,ut,10
14061,18953,DNg08,DNut015,RHS,ut,10
14966,18953,DNg08,DNut015,RHS,ut,10
12272,18953,DNg08,DNut015,RHS,ut,10
12214,18953,DNg08,DNut015,LHS,ut,10
13834,18953,DNg08,DNut015,LHS,ut,10
13845,18953,DNg08,DNut015,RHS,ut,10
18010,18953,DNg08,DNut015,LHS,ut,10
18189,18953,DNg08,DNut015,LHS,ut,10
26574,18953,DNg08,DNut015,LHS,ut,10
26159,18953,DNg08,DNut015,RHS,ut,10
19821,18953,DNg08,DNut015,RHS,ut,10
18614,19189,DNxn153,DNxn153,LHS,xn,0
18092,19189,DNxn153,DNxn153,RHS,xn,0
153153,19287,DNfl036,DNfl036,LHS,fl,0
17806,19287,DNfl036,DNfl036,RHS,fl,0
18099,19414,DNp24,DNxn038,RHS,xn,11
20600,19414,DNp24,DNxn038,LHS,xn,11
24107,19444,DNut054,DNut054,LHS,ut,0
39006,19444,DNut054,DNut054,RHS,ut,0
37992,19444,DNut054,DNut054,LHS,ut,0
13268,19444,DNut054,DNut054,RHS,ut,0
13801,19444,DNut054,DNut054,RHS,ut,0
13169,19444,DNut054,DNut054,LHS,ut,0
13244,19444,DNut054,DNut054,LHS,ut,0
25630,19444,DNut054,DNut054,LHS,ut,0
70285,19444,DNut054,DNut054,RHS,ut,0
10466,19444,DNut054,DNut054,RHS,ut,0
10532,19444,DNut054,DNut054,LHS,ut,0
10103,19444,DNut054,DNut054,LHS,ut,0
10107,19444,DNut054,DNut054,LHS,ut,0
11354,19444,DNut054,DNut054,RHS,ut,0
11264,19444,DNut054,DNut054,RHS,ut,0
15772,19444,DNut054,DNut054,LHS,ut,0
14623,19462,DNxl083,DNxl083,RHS,xl,0
12743,19462,DNxl083,DNxl083,LHS,xl,0
13900,19511,DNfl035,DNfl035,RHS,fl,0
13734,19511,DNfl035,DNfl035,LHS,fl,0
14935,19535,DNut053,DNut053,RHS,ut,0
10420,19535,DNut053,DNut053,LHS,ut,0
10399,19554,DNnt017,DNnt017,RHS,nt,0
24125,19554,DNnt017,DNnt017,RHS,nt,0
24267,19554,DNnt017,DNnt017,LHS,nt,0
10058,19554,DNnt017,DNnt017,LHS,nt,0
10240,20006,DNb03,DNut005,LHS,ut,10
11120,20006,DNb03,DNut005,RHS,ut,10
10279,20006,DNb03,DNut005,RHS,ut,10
21916,20006,DNb03,DNut005,LHS,ut,10
20252,20029,DNxl082,DNxl082,LHS,xl,0
11981,20029,DNxl082,DNxl082,RHS,xl,0
11930,20030,DNut052,DNut052,LHS,ut,0
15099,20030,DNut052,DNut052,RHS,ut,0
14074,20030,DNut052,DNut052,RHS,ut,0
10111,20030,DNut052,DNut052,LHS,ut,0
10061,20082,DNxl081,DNxl081,RHS,xl,0
10656,20082,DNxl081,DNxl081,LHS,xl,0
11070,20085,DNnt016,DNnt016,RHS,nt,0
10086,20085,DNnt016,DNnt016,LHS,nt,0
10095,20188,DNxn130,DNxn130,RHS,xn,0
17751,20188,DNxn130,DNxn130,LHS,xn,0
16911,20194,DNg89,DNnt006,RHS,nt,0
14947,20194,DNg89,DNnt006,LHS,nt,0
15844,20252,DNp39,DNxl050,RHS,xl,0
10339,20252,DNp39,DNxl050,LHS,xl,0
10093,20253,DNg94,DNxn069,RHS,xn,0
15131,20253,DNg94,DNxn069,LHS,xn,0
15074,20535,DNxn147,DNxn147,LHS,xn,0
14575,20535,DNxn147,DNxn147,RHS,xn,0
15186,20600,DNg65,DNxl035,RHS,xl,0
13428,20600,DNg65,DNxl035,LHS,xl,0
14282,20647,DNxn119,DNxn119,LHS,xn,0
16326,20647,DNxn119,DNxn119,RHS,xn,0
15841,20647,DNxn119,DNxn119,RHS,xn,0
33339,20647,DNxn119,DNxn119,LHS,xn,0
151729,20649,DNxn127,DNxn127,RHS,xn,0
10995,20649,DNxn127,DNxn127,LHS,xn,0
10855,20678,DNxl079,DNxl079,RHS,xl,0
31377,20678,DNxl079,DNxl079,LHS,xl,0
33554,20782,DNfl034,DNfl034,RHS,fl,0
38977,20782,DNfl034,DNfl034,LHS,fl,0
29767,20825,DNxl078,DNxl078,LHS,xl,0
28263,20825,DNxl078,DNxl078,RHS,xl,0
30912,20953,DNfl033,DNfl033,LHS,fl,0
29312,20953,DNfl033,DNfl033,RHS,fl,0
30242,20978,DNxl077,DNxl077,LHS,xl,0
15426,20978,DNxl077,DNxl077,RHS,xl,0
15155,20978,DNxl077,DNxl077,RHS,xl,0
26464,20978,DNxl077,DNxl077,LHS,xl,0
26744,21004,DNxl076,DNxl076,LHS,xl,0
25924,21004,DNxl076,DNxl076,RHS,xl,0
27350,21069,DNlt011,DNlt011,RHS,lt,0
27524,21069,DNlt011,DNlt011,LHS,lt,0
25155,21124,DNxl075,DNxl075,LHS,xl,0
53202877530,21124,DNxl075,DNxl075,LHS,xl,0
25960,21124,DNxl075,DNxl075,RHS,xl,0
28048,21124,DNxl075,DNxl075,RHS,xl,0
24959,21235,DNfl032,DNfl032,LHS,fl,0
24337,21235,DNfl032,DNfl032,RHS,fl,0
22430,21358,DNut051,DNut051,LHS,ut,0
22459,21358,DNut051,DNut051,RHS,ut,0
21565,21431,DNxn172,DNxn172,LHS,xn,0
21124,21431,DNxn172,DNxn172,RHS,xn,0
163639,21454,DNut050,DNut050,LHS,ut,0
21638,21454,DNut050,DNut050,RHS,ut,0
22416,21565,DNxl074,DNxl074,LHS,xl,0
21004,21565,DNxl074,DNxl074,RHS,xl,0
21250,21807,DNxn171,DNxn171,LHS,xn,0
22586,21807,DNxn171,DNxn171,RHS,xn,0
20978,21909,DNg40,DNlt001,LHS,lt,2
21696,21909,DNg40,DNlt001,RHS,lt,2
26296,22002,DNxn100,DNxn100,LHS,xn,0
20825,22002,DNxn100,DNxn100,RHS,xn,0
21270,22002,DNxn100,DNxn100,LHS,xn,0
20678,22002,DNxn100,DNxn100,LHS,xn,0
23585,22002,DNxn100,DNxn100,RHS,xn,0
10097,22002,DNxn100,DNxn100,RHS,xn,0
10117,22004,DNxn118,DNxn118,RHS,xn,0
20847,22004,DNxn118,DNxn118,LHS,xn,0
20082,22072,DNfl031,DNfl031,RHS,fl,0
20029,22072,DNfl031,DNfl031,LHS,fl,0
21380,22394,DNp56,DNfl011,RHS,fl,0
19462,22394,DNp56,DNfl011,LHS,fl,0
19660,22430,DNxl073,DNxl073,RHS,xl,0
19080,22430,DNxl073,DNxl073,LHS,xl,0
18636,22625,DNut049,DNut049,LHS,ut,0
18252,22625,DNut049,DNut049,RHS,ut,0
20538,22629,DNg81,DNxn067,RHS,xn,0
17710,22629,DNg81,DNxn067,LHS,xn,0
17474,22710,DNg09,DNnt001,LHS,nt,10
17396,22710,DNg09,DNnt001,LHS,nt,10
17291,22710,DNg09,DNnt001,RHS,nt,10
17268,22710,DNg09,DNnt001,LHS,nt,10
23955,22710,DNg09,DNnt001,RHS,nt,10
18305,22755,DNg59,DNxn059,LHS,xn,0
16803,22755,DNg59,DNxn059,RHS,xn,0
16683,22870,DNg12,DNfl003,LHS,fl,6
19045,22870,DNg12,DNfl003,RHS,fl,6
16541,22870,DNg12,DNfl003,LHS,fl,6
17031,22870,DNg12,DNfl003,LHS,fl,6
16942,22870,DNg12,DNfl003,LHS,fl,6
16420,22870,DNg12,DNfl003,RHS,fl,6
16053,22870,DNg12,DNfl003,RHS,fl,6
17358,22870,DNg12,DNfl003,RHS,fl,6
15650,22870,DNg12,DNfl003,RHS,fl,6
18076,22870,DNg12,DNfl003,RHS,fl,6
18730,22870,DNg12,DNfl003,RHS,fl,6
15297,22870,DNg12,DNfl003,RHS,fl,6
15356,22870,DNg12,DNfl003,LHS,fl,6
15143,22870,DNg12,DNfl003,LHS,fl,6
14910,22870,DNg12,DNfl003,LHS,fl,6
15117,23026,DNg11,DNxn014,RHS,xn,9
14836,23026,DNg11,DNxn014,RHS,xn,9
16290,23026,DNg11,DNxn014,RHS,xn,9
14330,23026,DNg11,DNxn014,LHS,xn,9
13776,23026,DNg11,DNxn014,LHS,xn,9
13592,23026,DNg11,DNxn014,LHS,xn,9
20464,23385,DNxn146,DNxn146,LHS,xn,0
13502,23385,DNxn146,DNxn146,RHS,xn,0
13473,23404,DNfl012,DNfl012,LHS,fl,0
13257,23404,DNfl012,DNfl012,RHS,fl,0
13387,23573,DNg07,DNxn013,RHS,xn,10
13262,23573,DNg07,DNxn013,LHS,xn,10
13161,23573,DNg07,DNxn013,LHS,xn,10
13247,23573,DNg07,DNxn013,RHS,xn,10
13108,23573,DNg07,DNxn013,RHS,xn,10
13088,23573,DNg07,DNxn013,RHS,xn,10
13049,23573,DNg07,DNxn013,RHS,xn,10
13419,23573,DNg07,DNxn013,LHS,xn,10
13273,23573,DNg07,DNxn013,RHS,xn,10
13066,23573,DNg07,DNxn013,LHS,xn,10
13040,23573,DNg07,DNxn013,LHS,xn,10
12969,23573,DNg07,DNxn013,LHS,xn,10
12915,23573,DNg07,DNxn013,LHS,xn,10
12956,23646,DNxn170,DNxn170,LHS,xn,0
12847,23646,DNxn170,DNxn170,RHS,xn,0
12820,23663,DNp46,DNxn079,RHS,xn,0
12791,23663,DNp46,DNxn079,LHS,xn,0
13092,23811,DNxn117,DNxn117,LHS,xn,0
12735,23811,DNxn117,DNxn117,RHS,xn,0
12965,23811,DNxn117,DNxn117,RHS,xn,0
12716,23811,DNxn117,DNxn117,RHS,xn,0
12640,23811,DNxn117,DNxn117,LHS,xn,0
12779,23813,DNut048,DNut048,RHS,ut,0
12882,23813,DNut048,DNut048,LHS,ut,0
12466,23953,DNfl030,DNfl030,LHS,fl,0
12451,23953,DNfl030,DNfl030,RHS,fl,0
12619,24102,DNnt015,DNnt015,LHS,nt,0
12455,24102,DNnt015,DNnt015,RHS,nt,0
12172,24125,DNg107,DNxl047,RHS,xl,0
12439,24125,DNg107,DNxl047,LHS,xl,0
11975,24186,DNxn169,DNxn169,LHS,xn,0
11859,24186,DNxn169,DNxn169,RHS,xn,0
11887,24306,DNut047,DNut047,LHS,ut,0
12025,24306,DNut047,DNut047,RHS,ut,0
11856,24311,DNxn191,DNxn191,LHS,xn,0
11803,24316,DNg47,DNfl004,LHS,fl,0
11613,24316,DNg47,DNfl004,RHS,fl,0
11568,24324,DNxn132,DNxn132,LHS,xn,0
12221,24324,DNxn132,DNxn132,RHS,xn,0
11541,24679,DNg110,DNut033,RHS,ut,0
11772,24679,DNg110,DNut033,LHS,ut,0
11731,24679,DNg110,DNut033,RHS,ut,0
11488,24679,DNg110,DNut033,RHS,ut,0
11616,24679,DNg110,DNut033,LHS,ut,0
11440,24679,DNg110,DNut033,LHS,ut,0
11279,24679,DNg110,DNut033,LHS,ut,0
16193,24703,DNut046,DNut046,LHS,ut,0
11961,24703,DNut046,DNut046,LHS,ut,0
11254,24703,DNut046,DNut046,LHS,ut,0
11102,24703,DNut046,DNut046,RHS,ut,0
11220,24703,DNut046,DNut046,RHS,ut,0
18265,24703,DNut046,DNut046,RHS,ut,0
11051,24703,DNut046,DNut046,LHS,ut,0
11270,24703,DNut046,DNut046,LHS,ut,0
11019,24703,DNut046,DNut046,RHS,ut,0
10941,24703,DNut046,DNut046,RHS,ut,0
11306,24703,DNut046,DNut046,RHS,ut,0
10912,24703,DNut046,DNut046,RHS,ut,0
13804,24703,DNut046,DNut046,LHS,ut,0
12594,24703,DNut046,DNut046,LHS,ut,0
10868,24705,DNg02,DNut008,RHS,ut,10
10896,24705,DNg02,DNut008,RHS,ut,10
10648,24705,DNg02,DNut008,LHS,ut,10
10623,24705,DNg02,DNut008,LHS,ut,10
10291,24705,DNg02,DNut008,RHS,ut,10
29081,24705,DNg02,DNut008,LHS,ut,10
15344,24753,DNg62,DNfl008,LHS,fl,0
14931,24753,DNg62,DNfl008,RHS,fl,0
12259,24755,DNxn138,DNxn138,LHS,xn,0
12406,24755,DNxn138,DNxn138,RHS,xn,0
10506,24758,DNut045,DNut045,LHS,ut,0
10531,24758,DNut045,DNut045,RHS,ut,0
11327,24959,DNxl072,DNxl072,RHS,xl,0
11071,24959,DNxl072,DNxl072,LHS,xl,0
12431,25018,DNg61,DNfl007,RHS,fl,0
12020,25110,DNg51,DNxn055,LHS,xn,0
14939,25110,DNg51,DNxn055,RHS,xn,0
15257,25110,DNg51,DNxn055,RHS,xn,0
12973,25110,DNg51,DNxn055,LHS,xn,0
13405,25130,DNut044,DNut044,RHS,ut,0
12167,25130,DNut044,DNut044,LHS,ut,0
12304,25155,DNxl071,DNxl071,LHS,xl,0
10315,25155,DNxl071,DNxl071,RHS,xl,0
10307,25155,DNxl071,DNxl071,RHS,xl,0
13916,25155,DNxl071,DNxl071,LHS,xl,0
14677,25543,DNg03,DNut011,LHS,ut,11
16554,25543,DNg03,DNut011,LHS,ut,11
15026,25543,DNg03,DNut011,LHS,ut,11
10491,25543,DNg03,DNut011,LHS,ut,11
10410,25543,DNg03,DNut011,LHS,ut,11
30809,25543,DNg03,DNut011,RHS,ut,11
23849,25543,DNg03,DNut011,RHS,ut,11
28572,25543,DNg03,DNut011,RHS,ut,11
23580,25543,DNg03,DNut011,RHS,ut,11
28224,25543,DNg03,DNut011,RHS,ut,11
35897,25543,DNg03,DNut011,RHS,ut,11
41239,25543,DNg03,DNut011,RHS,ut,11
44001,25543,DNg03,DNut011,LHS,ut,11
26039,25543,DNg03,DNut011,LHS,ut,11
23573,25630,DNg72,DNxl039,LHS,xl,0
36930,25630,DNg72,DNxl039,RHS,xl,0
25694,25642,DNg36,DNut019,LHS,ut,9
29902,25642,DNg36,DNut019,RHS,ut,9
23026,25642,DNg36,DNut019,LHS,ut,9
26991,25642,DNg36,DNut019,RHS,ut,9
24332,25683,DNa03,DNit001,LHS,it,9
26209,25683,DNa03,DNit001,RHS,it,9
23688,25688,DNut062,DNut062,LHS,ut,0
24965,25786,DNa07,DNut003,LHS,ut,10
10121,25786,DNa07,DNut003,RHS,ut,10
10101,25870,DNg84,DNxn068,LHS,xn,0
14903,25870,DNg84,DNxn068,RHS,xn,0
15249,25879,DNfl029,DNfl029,LHS,fl,0
18351,25879,DNfl029,DNfl029,RHS,fl,0
18599,25879,DNfl029,DNfl029,RHS,fl,0
18856,25879,DNfl029,DNfl029,LHS,fl,0
17782,25924,DNxl070,DNxl070,RHS,xl,0
15090,25924,DNxl070,DNxl070,LHS,xl,0
15162,25965,DNp72,DNut056,LHS,ut,0
18113,25965,DNp72,DNut056,RHS,ut,0
16760,25965,DNp72,DNut056,RHS,ut,0
16476,26089,DNxn116,DNxn116,LHS,xn,0
16350,26089,DNxn116,DNxn116,LHS,xn,0
11548,26089,DNxn116,DNxn116,LHS,xn,0
11622,26089,DNxn116,DNxn116,LHS,xn,0
13326,26089,DNxn116,DNxn116,LHS,xn,0
13481,26089,DNxn116,DNxn116,LHS,xn,0
14814,26089,DNxn116,DNxn116,LHS,xn,0
14244,26148,DNxn115,DNxn115,LHS,xn,0
14847,26148,DNxn115,DNxn115,LHS,xn,0
15909,26148,DNxn115,DNxn115,RHS,xn,0
11588,26148,DNxn115,DNxn115,RHS,xn,0
11974,26148,DNxn115,DNxn115,RHS,xn,0
11228,26148,DNxn115,DNxn115,RHS,xn,0
11150,26148,DNxn115,DNxn115,RHS,xn,0
12707,26159,DNg52,DNxl031,RHS,xl,0
12827,26159,DNg52,DNxl031,LHS,xl,0
10113,26242,DNut043,DNut043,LHS,ut,0
10122,26242,DNut043,DNut043,RHS,ut,0
11437,26307,DNfl028,DNfl028,LHS,fl,0
11413,26307,DNfl028,DNfl028,LHS,fl,0
10819,26307,DNfl028,DNfl028,LHS,fl,0
10962,26307,DNfl028,DNfl028,RHS,fl,0
12623,26307,DNfl028,DNfl028,RHS,fl,0
13012,26318,DNfl027,DNfl027,RHS,fl,0
10021,26318,DNfl027,DNfl027,LHS,fl,0
10012,26362,DNg02,DNut007,RHS,ut,10
11684,26362,DNg02,DNut007,RHS,ut,10
11718,26362,DNg02,DNut007,RHS,ut,10
10023,26362,DNg02,DNut007,LHS,ut,10
10813,26362,DNg02,DNut007,RHS,ut,10
13688,26362,DNg02,DNut007,LHS,ut,10
14409,26362,DNg02,DNut007,LHS,ut,10
27125,26391,DNp16,DNut024,RHS,ut,7
27279,26391,DNp16,DNut024,LHS,ut,7
19452,26448,DNg85,DNfl010,RHS,fl,0
19414,26448,DNg85,DNfl010,LHS,fl,0
28538,26464,DNg72,DNxl069,LHS,xl,0
53591964492,26464,DNg72,DNxl069,RHS,xl,0
11938,26467,DNut042,DNut042,LHS,ut,0
10681,26467,DNut042,DNut042,LHS,ut,0
15272,26467,DNut042,DNut042,RHS,ut,0
14557,26467,DNut042,DNut042,RHS,ut,0
12974,26467,DNut042,DNut042,RHS,ut,0
13085,26467,DNut042,DNut042,RHS,ut,0
18388,26467,DNut042,DNut042,RHS,ut,0
18424,26467,DNut042,DNut042,LHS,ut,0
17883,26467,DNut042,DNut042,LHS,ut,0
17211,26467,DNut042,DNut042,LHS,ut,0
15511,26467,DNut042,DNut042,LHS,ut,0
14948,26505,DNxn135,DNxn135,LHS,xn,0
11987,26505,DNxn135,DNxn135,RHS,xn,0
11977,26517,DNlt010,DNlt010,LHS,lt,0
166304,26517,DNlt010,DNlt010,RHS,lt,0
12380,26571,DNnt014,DNnt014,RHS,nt,0
13038,26571,DNnt014,DNnt014,LHS,nt,0
13417,26571,DNnt014,DNnt014,LHS,nt,0
14523,26571,DNnt014,DNnt014,RHS,nt,0
13438,26587,DNp17,DNut025,RHS,ut,0
13809,26587,DNp17,DNut025,LHS,ut,0
14419,26587,DNp17,DNut025,RHS,ut,0
11072,26587,DNp17,DNut025,RHS,ut,0
11386,26587,DNp17,DNut025,LHS,ut,0
19682,26587,DNp17,DNut025,LHS,ut,0
18431,26587,DNp17,DNut025,LHS,ut,0
31648,26587,DNp17,DNut025,LHS,ut,0
31482,26587,DNp17,DNut025,LHS,ut,0
14042,26587,DNp17,DNut025,RHS,ut,0
14786,26587,DNp17,DNut025,RHS,ut,0
25110,26713,DNxn143,DNxn143,LHS,xn,0
25709,26713,DNxn143,DNxn143,RHS,xn,0
25796,26720,DNnt008,DNnt008,RHS,nt,0
25969,26720,DNnt008,DNnt008,RHS,nt,0
14904,26720,DNnt008,DNnt008,LHS,nt,0
17621,26720,DNnt008,DNnt008,LHS,nt,0
16837,26720,DNnt008,DNnt008,LHS,nt,0
30559,26720,DNnt008,DNnt008,RHS,nt,0
29976,26720,DNnt008,DNnt008,LHS,nt,0
25415,26720,DNnt008,DNnt008,RHS,nt,0
22755,26767,DNxn134,DNxn134,LHS,xn,0
31265,26767,DNxn134,DNxn134,RHS,xn,0
27993,26846,DNxn129,DNxn129,RHS,xn,0
13553,26846,DNxn129,DNxn129,LHS,xn,0
13704,26926,DNg52,DNfl006,LHS,fl,0
15546,26926,DNg52,DNfl006,RHS,fl,0
16192,27014,DNfl026,DNfl026,RHS,fl,0
15829,27014,DNfl026,DNfl026,LHS,fl,0
16511,27095,DNfl025,DNfl025,LHS,fl,0
16813,27095,DNfl025,DNfl025,RHS,fl,0
18207,27119,DNxn114,DNxn114,LHS,xn,0
15934,27119,DNxn114,DNxn114,RHS,xn,0
16706,27125,DNp23,DNxn037,RHS,xn,2
15578,27125,DNp23,DNxn037,LHS,xn,2
15576,27217,DNfl024,DNfl024,LHS,fl,0
176812,27217,DNfl024,DNfl024,RHS,fl,0
12029,27629,DNxn145,DNxn145,LHS,xn,0
22629,27629,DNxn145,DNxn145,RHS,xn,0
22713,27663,DNlt009,DNlt009,RHS,lt,0
27011,27663,DNlt009,DNlt009,LHS,lt,0
25870,27724,DNut041,DNut041,LHS,ut,0
22372,27724,DNut041,DNut041,RHS,ut,0
20253,27737,DNg106,DNlt006,LHS,lt,0
15895,27737,DNg106,DNlt006,LHS,lt,0
16814,27737,DNg106,DNlt006,RHS,lt,0
14485,27737,DNg106,DNlt006,LHS,lt,0
15331,27737,DNg106,DNlt006,LHS,lt,0
15950,27737,DNg106,DNlt006,RHS,lt,0
16553,27737,DNg106,DNlt006,RHS,lt,0
32317,27737,DNg106,DNlt006,RHS,lt,0
31885,27737,DNg106,DNlt006,LHS,lt,0
14307,27775,DNfl023,DNfl023,LHS,fl,0
14018,27775,DNfl023,DNfl023,RHS,fl,0
18153,27912,DNfl022,DNfl022,LHS,fl,0
18279,27912,DNfl022,DNfl022,RHS,fl,0
17630,27993,DNg60,DNxn060,RHS,xn,0
17669,27993,DNg60,DNxn060,LHS,xn,0
11136,28004,DNxn113,DNxn113,LHS,xn,0
11310,28004,DNxn113,DNxn113,RHS,xn,0
17713,28042,DNfl045,DNfl045,LHS,fl,0
17507,28263,DNxl067,DNxl067,LHS,xl,0
17575,28263,DNxl067,DNxl067,RHS,xl,0
16842,28263,DNxl067,DNxl067,LHS,xl,0
24060,28263,DNxl067,DNxl067,RHS,xl,0
23663,28396,DNxn112,DNxn112,RHS,xn,0
13226,28396,DNxn112,DNxn112,RHS,xn,0
13764,28396,DNxn112,DNxn112,RHS,xn,0
13491,28396,DNxn112,DNxn112,LHS,xn,0
13203,28396,DNxn112,DNxn112,LHS,xn,0
11160,28396,DNxn112,DNxn112,LHS,xn,0
11268,28527,DNg05,DNut013,LHS,ut,9
17862,28527,DNg05,DNut013,LHS,ut,9
17898,28527,DNg05,DNut013,RHS,ut,9
13034,28527,DNg05,DNut013,RHS,ut,9
12770,28538,DNp25,DNxn039,RHS,xn,3
16417,28538,DNp25,DNxn039,LHS,xn,3
16418,28812,DNxn111,DNxn111,LHS,xn,0
12257,28812,DNxn111,DNxn111,RHS,xn,0
12141,29021,DNg06,DNut014,RHS,ut,10
14337,29021,DNg06,DNut014,LHS,ut,10
14194,29021,DNg06,DNut014,LHS,ut,10
14035,29021,DNg06,DNut014,RHS,ut,10
15127,29021,DNg06,DNut014,RHS,ut,10
15680,29021,DNg06,DNut014,LHS,ut,10
31141,29021,DNg06,DNut014,LHS,ut,10
14522,29040,DNit007,DNit007,LHS,it,0
16075,29040,DNit007,DNit007,LHS,it,0
17113,29040,DNit007,DNit007,RHS,it,0
17467,29040,DNit007,DNit007,RHS,it,0
18814,29040,DNit007,DNit007,RHS,it,0
20432,29040,DNit007,DNit007,LHS,it,0
15134,29081,DNxl135,DNxl135,RHS,xl,0
14585,29102,DNnt013,DNnt013,RHS,nt,0
11743,29102,DNnt013,DNnt013,LHS,nt,0
11579,29102,DNnt013,DNnt013,RHS,nt,0
11660,29102,DNnt013,DNnt013,LHS,nt,0
11637,29182,DNfl021,DNfl021,RHS,fl,0
11959,29182,DNfl021,DNfl021,LHS,fl,0
10336,29182,DNfl021,DNfl021,LHS,fl,0
10937,29182,DNfl021,DNfl021,RHS,fl,0
11443,29261,DNfl044,DNfl044,LHS,fl,0
16522,29767,DNxl066,DNxl066,LHS,xl,0
17244,29767,DNxl066,DNxl066,RHS,xl,0
10717,29781,DNxn110,DNxn110,LHS,xn,0
10663,29781,DNxn110,DNxn110,RHS,xn,0
26939,29781,DNxn110,DNxn110,RHS,xn,0
27622,29781,DNxn110,DNxn110,LHS,xn,0
69417,29882,DNxn133,DNxn133,RHS,xn,0
24131,29882,DNxn133,DNxn133,RHS,xn,0
22002,29904,DNht001,DNht001,LHS,ht,0
31771,29904,DNht001,DNht001,RHS,ht,0
16197,29904,DNht001,DNht001,RHS,ht,0
15838,29904,DNht001,DNht001,RHS,ht,0
13483,29904,DNht001,DNht001,RHS,ht,0
13239,29904,DNht001,DNht001,RHS,ht,0
13548,29904,DNht001,DNht001,RHS,ht,0
12613,29904,DNht001,DNht001,RHS,ht,0
48027,29904,DNht001,DNht001,RHS,ht,0
45523,29904,DNht001,DNht001,RHS,ht,0
45618,29904,DNht001,DNht001,LHS,ht,0
53588309438,29904,DNht001,DNht001,LHS,ht,0
45849,29904,DNht001,DNht001,LHS,ht,0
47230,29904,DNht001,DNht001,LHS,ht,0
40943,29904,DNht001,DNht001,LHS,ht,0
33663,29904,DNht001,DNht001,LHS,ht,0
33891,29904,DNht001,DNht001,LHS,ht,0
31821,29904,DNht001,DNht001,LHS,ht,0
34822,29904,DNht001,DNht001,LHS,ht,0
32744,29904,DNht001,DNht001,LHS,ht,0
31999,29904,DNht001,DNht001,RHS,ht,0
32776,29904,DNht001,DNht001,RHS,ht,0
31778,29904,DNht001,DNht001,RHS,ht,0
53581075416,29976,DNg57,DNxn058,RHS,xn,0
38393,29976,DNg57,DNxn058,LHS,xn,0
30754,29987,DNnt007,DNnt007,RHS,nt,0
33074,29987,DNnt007,DNnt007,LHS,nt,0
42075,29987,DNnt007,DNnt007,LHS,nt,0
46922,29987,DNnt007,DNnt007,RHS,nt,0
52357208220,29987,DNnt007,DNnt007,LHS,nt,0
38167,29987,DNnt007,DNnt007,LHS,nt,0
39379,29987,DNnt007,DNnt007,LHS,nt,0
42716,29987,DNnt007,DNnt007,RHS,nt,0
43869,29987,DNnt007,DNnt007,RHS,nt,0
48208,29987,DNnt007,DNnt007,RHS,nt,0
41261,29987,DNnt007,DNnt007,RHS,nt,0
45214,30130,DNxn167,DNxn167,LHS,xn,0
42273,30130,DNxn167,DNxn167,RHS,xn,0
30538,30180,DNut039,DNut039,LHS,ut,0
32535,30180,DNut039,DNut039,RHS,ut,0
33725,30538,DNxn109,DNxn109,LHS,xn,0
40501,30538,DNxn109,DNxn109,LHS,xn,0
37675,30538,DNxn109,DNxn109,LHS,xn,0
30685,30538,DNxn109,DNxn109,LHS,xn,0
39001,30538,DNxn109,DNxn109,RHS,xn,0
33151,30538,DNxn109,DNxn109,RHS,xn,0
29781,30538,DNxn109,DNxn109,RHS,xn,0
34257,30538,DNxn109,DNxn109,RHS,xn,0
30723,30538,DNxn109,DNxn109,RHS,xn,0
28874,30538,DNxn109,DNxn109,RHS,xn,0
28812,30538,DNxn109,DNxn109,LHS,xn,0
32461,30538,DNxn109,DNxn109,LHS,xn,0
33429,30538,DNxn109,DNxn109,RHS,xn,0
35677,30538,DNxn109,DNxn109,LHS,xn,0
28396,30538,DNxn109,DNxn109,LHS,xn,0
32146,30538,DNxn109,DNxn109,RHS,xn,0
37290,30538,DNxn109,DNxn109,RHS,xn,0
28004,30538,DNxn109,DNxn109,RHS,xn,0
28617,30538,DNxn109,DNxn109,RHS,xn,0
27624,30744,DNxn144,DNxn144,LHS,xn,0
27119,30744,DNxn144,DNxn144,LHS,xn,0
28544,30744,DNxn144,DNxn144,LHS,xn,0
28823,30744,DNxn144,DNxn144,LHS,xn,0
26148,30744,DNxn144,DNxn144,RHS,xn,0
27886,30744,DNxn144,DNxn144,RHS,xn,0
42161,30744,DNxn144,DNxn144,RHS,xn,0
42192,30744,DNxn144,DNxn144,RHS,xn,0
43362,30744,DNxn144,DNxn144,RHS,xn,0
31170,30744,DNxn144,DNxn144,RHS,xn,0
42130,30754,DNxn108,DNxn108,LHS,xn,0
42673,30754,DNxn108,DNxn108,LHS,xn,0
43616,30754,DNxn108,DNxn108,RHS,xn,0
41018,30754,DNxn108,DNxn108,RHS,xn,0
26089,30919,DNg12,DNfl002,RHS,fl,6
41766,30919,DNg12,DNfl002,LHS,fl,6
26377,30919,DNg12,DNfl002,LHS,fl,6
23811,30919,DNg12,DNfl002,LHS,fl,6
24453,30919,DNg12,DNfl002,LHS,fl,6
26626,30919,DNg12,DNfl002,RHS,fl,6
27252,30919,DNg12,DNfl002,RHS,fl,6
22004,30919,DNg12,DNfl002,RHS,fl,6
154083,31361,DNg12,DNfl001,LHS,fl,6
20647,31361,DNg12,DNfl001,RHS,fl,6
21158,31361,DNg12,DNfl001,LHS,fl,6
21386,31361,DNg12,DNfl001,LHS,fl,6
21150,31361,DNg12,DNfl001,RHS,fl,6
17989,31361,DNg12,DNfl001,RHS,fl,6
21685,31361,DNg12,DNfl001,RHS,fl,6
18244,31377,DNxl065,DNxl065,LHS,xl,0
17871,31377,DNxl065,DNxl065,RHS,xl,0
12696,31408,DNfl020,DNfl020,LHS,fl,0
13336,31408,DNfl020,DNfl020,RHS,fl,0
12170,31446,DNfl019,DNfl019,LHS,fl,0
12155,31446,DNfl019,DNfl019,RHS,fl,0
11286,31482,DNg46,DNxn053,RHS,xn,0
11497,31482,DNg46,DNxn053,LHS,xn,0
10719,31531,DNfl018,DNfl018,RHS,fl,0
10759,31531,DNfl018,DNfl018,LHS,fl,0
18748,31566,DNit006,DNit006,LHS,it,0
18997,31566,DNit006,DNit006,LHS,it,0
23962,31566,DNit006,DNit006,RHS,it,0
20649,31566,DNit006,DNit006,RHS,it,0
45488,31566,DNit006,DNit006,RHS,it,0
51806,31566,DNit006,DNit006,LHS,it,0
53062,31592,DNp16,DNut023,LHS,ut,7
44692,31592,DNp16,DNut023,RHS,ut,7
166597,31885,DNxn073,DNxn073,RHS,xn,0
48473,31885,DNxn073,DNxn073,LHS,xn,0
41205,31999,DNxn107,DNxn107,LHS,xn,0
26846,31999,DNxn107,DNxn107,RHS,xn,0
27359,32001,DNg92,DNut032,LHS,ut,0
20799,32001,DNg92,DNut032,LHS,ut,0
20188,32001,DNg92,DNut032,RHS,ut,0
18046,32001,DNg92,DNut032,LHS,ut,0
18312,32001,DNg92,DNut032,RHS,ut,0
27039,32001,DNg92,DNut032,RHS,ut,0
24324,32001,DNg92,DNut032,RHS,ut,0
29882,32001,DNg92,DNut032,RHS,ut,0
30235,32001,DNg92,DNut032,LHS,ut,0
167413,32039,DNnt012,DNnt012,LHS,nt,0
26767,32039,DNnt012,DNnt012,RHS,nt,0
26505,32312,DNit005,DNit005,LHS,it,0
26854,32312,DNit005,DNit005,LHS,it,0
17777,32312,DNit005,DNit005,RHS,it,0
17948,32312,DNit005,DNit005,RHS,it,0
53595462076,32437,DNnt011,DNnt011,LHS,nt,0
39475,32437,DNnt011,DNnt011,RHS,nt,0
24755,32437,DNnt011,DNnt011,RHS,nt,0
27990,32437,DNnt011,DNnt011,LHS,nt,0
40070,32437,DNnt011,DNnt011,LHS,nt,0
38263,32437,DNnt011,DNnt011,LHS,nt,0
41125,32437,DNnt011,DNnt011,LHS,nt,0
166645,32437,DNnt011,DNnt011,LHS,nt,0
36801,32437,DNnt011,DNnt011,LHS,nt,0
41773,32437,DNnt011,DNnt011,LHS,nt,0
31813,32437,DNnt011,DNnt011,RHS,nt,0
16082,32437,DNnt011,DNnt011,RHS,nt,0
15769,32437,DNnt011,DNnt011,RHS,nt,0
16722,32437,DNnt011,DNnt011,RHS,nt,0
15604,32437,DNnt011,DNnt011,RHS,nt,0
10721,32437,DNnt011,DNnt011,RHS,nt,0
10639,32504,DNfl017,DNfl017,LHS,fl,0
27516,32504,DNfl017,DNfl017,RHS,fl,0
26713,32744,DNxn106,DNxn106,RHS,xn,0
36489,32744,DNxn106,DNxn106,LHS,xn,0
40252,32744,DNxn106,DNxn106,RHS,xn,0
43801,32744,DNxn106,DNxn106,LHS,xn,0
44145,32744,DNxn106,DNxn106,RHS,xn,0
39158,32767,DNut061,DNut061,RHS,ut,0
30744,33183,DNg53,DNnt004,RHS,nt,0
37452,33183,DNg53,DNnt004,LHS,nt,0
40109,33339,DNxl063,DNxl063,RHS,xl,0
44199,33339,DNxl063,DNxl063,LHS,xl,0
104140,33395,DNnt010,DNnt010,RHS,nt,0
28033,33395,DNnt010,DNnt010,LHS,nt,0
27629,33395,DNnt010,DNnt010,LHS,nt,0
23385,33395,DNnt010,DNnt010,RHS,nt,0
23722,33987,DNfl013,DNfl013,LHS,fl,0
20535,33987,DNfl013,DNfl013,RHS,fl,0
23448,34144,DNut036,DNut036,LHS,ut,0
17717,34144,DNut036,DNut036,LHS,ut,0
19952,34144,DNut036,DNut036,LHS,ut,0
16746,34144,DNut036,DNut036,RHS,ut,0
16567,34144,DNut036,DNut036,RHS,ut,0
13837,34144,DNut036,DNut036,RHS,ut,0
15718,34548,DNnt009,DNnt009,LHS,nt,0
13348,34548,DNnt009,DNnt009,LHS,nt,0
13820,36718,DNfl016,DNfl016,LHS,fl,0
13139,36718,DNfl016,DNfl016,RHS,fl,0
13299,36718,DNfl016,DNfl016,RHS,fl,0
19189,36718,DNfl016,DNfl016,LHS,fl,0
20104,36801,DNxn139,DNxn139,LHS,xn,0
18135,36801,DNxn139,DNxn139,RHS,xn,0
153988,36801,DNxn139,DNxn139,RHS,xn,0
18041,36801,DNxn139,DNxn139,RHS,xn,0
17526,36801,DNxn139,DNxn139,LHS,xn,0
17004,36801,DNxn139,DNxn139,LHS,xn,0
19367,36801,DNxn139,DNxn139,RHS,xn,0
16822,37139,DNit013,DNit013,RHS,it,0
17798,37405,DNg77,DNit002,RHS,it,0
154401,37405,DNg77,DNit002,RHS,it,0
16333,37799,DNg10,DNnt002,RHS,nt,10
17366,37799,DNg10,DNnt002,RHS,nt,10
16264,37799,DNg10,DNnt002,RHS,nt,10
13053,37799,DNg10,DNnt002,RHS,nt,10
13343,37799,DNg10,DNnt002,RHS,nt,10
12719,37799,DNg10,DNnt002,LHS,nt,10
12746,37799,DNg10,DNnt002,LHS,nt,10
13113,37799,DNg10,DNnt002,LHS,nt,10
11697,37799,DNg10,DNnt002,LHS,nt,10
11427,37799,DNg10,DNnt002,LHS,nt,10
11647,37799,DNg10,DNnt002,LHS,nt,10
13291,37799,DNg10,DNnt002,LHS,nt,10
13184,37799,DNg10,DNnt002,LHS,nt,10
12902,37799,DNg10,DNnt002,LHS,nt,10
15839,37799,DNg10,DNnt002,LHS,nt,10
12206,37799,DNg10,DNnt002,LHS,nt,10
12733,37799,DNg10,DNnt002,RHS,nt,10
32388,37799,DNg10,DNnt002,RHS,nt,10
30130,37799,DNg10,DNnt002,RHS,nt,10
11202,37799,DNg10,DNnt002,RHS,nt,10
11298,37799,DNg10,DNnt002,RHS,nt,10
25239,37799,DNg10,DNnt002,RHS,nt,10
24186,37992,DNg67,DNxl036,RHS,xl,0
23646,37992,DNg67,DNxl036,LHS,xl,0
24989,39475,DNxn137,DNxn137,LHS,xn,0
22194,39475,DNxn137,DNxn137,RHS,xn,0
21807,39724,DNg83,DNfl009,LHS,fl,0
21431,39724,DNg83,DNfl009,RHS,fl,0
22240,39959,DNg18,DNut016,RHS,ut,10
18596,39959,DNg18,DNut016,LHS,ut,10
18777,40420,DNfl014,DNfl014,LHS,fl,0
15597,40420,DNfl014,DNfl014,RHS,fl,0
15499,40943,DNxn105,DNxn105,RHS,xn,0
13517,40943,DNxn105,DNxn105,LHS,xn,0
13411,40943,DNxn105,DNxn105,RHS,xn,0
12012,41205,DNxn128,DNxn128,RHS,xn,0
11573,41205,DNxn128,DNxn128,RHS,xn,0
15016,41205,DNxn128,DNxn128,RHS,xn,0
14999,41205,DNxn128,DNxn128,LHS,xn,0
17061,41205,DNxn128,DNxn128,LHS,xn,0
14350,41205,DNxn128,DNxn128,RHS,xn,0
12747,41205,DNxn128,DNxn128,LHS,xn,0
12753,41456,DNit004,DNit004,RHS,it,0
12617,41456,DNit004,DNit004,LHS,it,0
12731,43795,DNut034,DNut034,RHS,ut,0
11839,43795,DNut034,DNut034,LHS,ut,0
21750,43795,DNut034,DNut034,LHS,ut,0
11968,43795,DNut034,DNut034,RHS,ut,0
11798,44166,DNxn189,DNxn189,RHS,xn,0
11693,44201,DNit012,DNit012,LHS,it,0
11621,44321,DNit011,DNit011,LHS,it,0
15513,45523,DNxn104,DNxn104,RHS,xn,0
15275,45523,DNxn104,DNxn104,RHS,xn,0
16099,45523,DNxn104,DNxn104,LHS,xn,0
16582,45523,DNxn104,DNxn104,LHS,xn,0
15613,46341,DNxn188,DNxn188,LHS,xn,0
15327,46595,DNit003,DNit003,LHS,it,0
15291,46595,DNit003,DNit003,RHS,it,0
14228,46595,DNit003,DNit003,RHS,it,0
13951,46882,DNnt022,DNnt022,RHS,nt,0
14301,48107,DNfl043,DNfl043,RHS,fl,0
46341,49113,DNit010,DNit010,LHS,it,0
44166,49317,DNxn192,DNxn192,LHS,xn,0
49688,49688,DNxn190,DNxn190,RHS,xn,0
24311,151717,DNit009,DNit009,LHS,it,0
49317,151739,DNxn193,DNxn193,LHS,xn,0
151739,53170881453,DNnt021,DNnt021,LHS,nt,0
